/*INSERT INTO `hclbss`.`tb_temporder` (`UIDPK`, `ORDER_NUMBER`, `BILLTO_FIRSTNAME`, `BILLTO_LASTNAME`, `BILLTO_EMAIL`, `BILLTO_PHONENO`, `BILLTO_ADDRESS_LINE1`, `BILLTO_ADDRESS_LINE2`, `BILLTO_ZIP_CODE`, `BILLTO_CITY`, `BILLTO_STATE`, `BILLTO_COUNTRY`, `SOLDTO_FIRSTNAME`, `SOLDTO_LASTNAME`, `SOLDTO_EMAIL`, `SOLDTO_PHONENO`, `SOLDTO_ADDRESS_LINE1`, `SOLDTO_ADDRESS_LINE2`, `SOLDTO_ZIP_CODE`, `SOLDTO_CITY`, `SOLDTO_STATE`, `SOLDTO_COUNTRY`, `COMPANY_NAME`, `LOCALE`, `CURRENCY`, `ORDER_SOURCE`, `IS_CORPORATE`, `STATUS`, `RATE_PLAN_ID`, `AUTORENEW`, `BILLING_CYCLE`, `PRICING_SCHEME_CODE`, `PRODUCT_ID`, `RATEPLAN_VOLUME_UID`) VALUES ('100', 'O123', 'adit', 'gupta', 'a@a.com', '987654321', 'qwerty', 'asdfg', '201001', 'noida', 'UP', 'IN', 'adit', 'gupta', 'a@a.com', '987654321', 'qwerty', 'asdfg', '201001', 'noida', 'UP', 'IN', 'HCL', 'en', 'INR', 'web', '1', 'Y', '1111', '1', '12month', '2222', '3333', '4444');*/


INSERT INTO `hclbss`.`tb_temporder`(`UIDPK`, `ORDER_NUMBER`, `BILLTO_FIRSTNAME`, `BILLTO_LASTNAME`, `BILLTO_EMAIL`, `BILLTO_PHONENO`, `BILLTO_ADDRESS_LINE1`, `BILLTO_ADDRESS_LINE2`, `BILLTO_ZIP_CODE`, `BILLTO_CITY`, `BILLTO_STATE`, `BILLTO_COUNTRY`, `SOLDTO_FIRSTNAME`, `SOLDTO_LASTNAME`, `SOLDTO_EMAIL`, `SOLDTO_PHONENO`, `SOLDTO_ADDRESS_LINE1`, `SOLDTO_ADDRESS_LINE2`, `SOLDTO_ZIP_CODE`, `SOLDTO_CITY`, `SOLDTO_STATE`, `SOLDTO_COUNTRY`, `COMPANY_NAME`, `LOCALE`, `CURRENCY`, `ORDER_SOURCE`, `IS_CORPORATE`, `STATUS`, `RATE_PLAN_ID`, `AUTORENEW`,`BILLING_CYCLE`, `PRICING_SCHEME_CODE`, `PRODUCT_ID`,`QUANTITY`, `BILLING_FREQUENCY`,`CRE_DT`, `UPD_DT`) VALUES ('100', 'O123', 'adit', 'gupta', 'a@a.com', '987654321', 'qwerty', 'asdfg', '201001', 'noida', 'UP', 'IN', 'adit', 'gupta', 'a@a.com', '987654321', 'qwerty', 'asdfg', '201001', 'noida', 'UP', 'IN', 'HCL', 'en', 'INR', 'ESTORE', '1', 'Y', '1111', '1', 12, 'UNIT', '40',40.8,'MONTH','2019-02-28 23:54:28.345', '2019-02-28 23:54:28.345');

INSERT INTO `hclbss`.`tb_temporder`(`UIDPK`, `ORDER_NUMBER`, `BILLTO_FIRSTNAME`, `BILLTO_LASTNAME`, `BILLTO_EMAIL`, `BILLTO_PHONENO`, `BILLTO_ADDRESS_LINE1`,`BILLTO_ADDRESS_LINE2`, `BILLTO_ZIP_CODE`, `BILLTO_CITY`, `BILLTO_STATE`, `BILLTO_COUNTRY`, `SOLDTO_FIRSTNAME`, `SOLDTO_LASTNAME`, `SOLDTO_EMAIL`, `SOLDTO_PHONENO`, `SOLDTO_ADDRESS_LINE1`, `SOLDTO_ADDRESS_LINE2`, `SOLDTO_ZIP_CODE`, `SOLDTO_CITY`, `SOLDTO_STATE`, `SOLDTO_COUNTRY`, `COMPANY_NAME`,`LOCALE`, `CURRENCY`, `ORDER_SOURCE`, `IS_CORPORATE`, `STATUS`, `RATE_PLAN_ID`, `AUTORENEW`,`BILLING_CYCLE`, `PRICING_SCHEME_CODE`, `PRODUCT_ID`,`QUANTITY`, `BILLING_FREQUENCY`,`CRE_DT`, `UPD_DT`) VALUES ('600', 'O123', 'adit', 'gupta', 'a@a.com', '987654321', 'qwerty', 'asdfg', '201001', 'noida', 'UP', 'IN', 'adit', 'gupta', 'a@a.com', '987654321','qwerty', 'asdfg', '201001', 'noida', 'UP', 'IN', 'HCL', 'en', 'INR', 'ESTORE', '1', 'Y', '1111', '1', 12, 'UNIT', '50',40.8,'MONTH','2019-02-28 23:54:28.345','2019-02-28 23:54:28.345');
INSERT INTO `hclbss`.`tb_temporder`(`UIDPK`, `ORDER_NUMBER`, `BILLTO_FIRSTNAME`, `BILLTO_LASTNAME`, `BILLTO_EMAIL`, `BILLTO_PHONENO`,`BILLTO_ADDRESS_LINE1`, `BILLTO_ADDRESS_LINE2`, `BILLTO_ZIP_CODE`, `BILLTO_CITY`, `BILLTO_STATE`, `BILLTO_COUNTRY`, `SOLDTO_FIRSTNAME`, `SOLDTO_LASTNAME`, `SOLDTO_EMAIL`, `SOLDTO_PHONENO`, `SOLDTO_ADDRESS_LINE1`, `SOLDTO_ADDRESS_LINE2`, `SOLDTO_ZIP_CODE`, `SOLDTO_CITY`, `SOLDTO_STATE`, `SOLDTO_COUNTRY`, `COMPANY_NAME`, `LOCALE`, `CURRENCY`, `ORDER_SOURCE`, `IS_CORPORATE`, `STATUS`, `RATE_PLAN_ID`, `AUTORENEW`,`PRICING_SCHEME_CODE`, `PRODUCT_ID`,`QUANTITY`,`CRE_DT`, `UPD_DT`,`BILLING_CYCLE`, `BILLING_FREQUENCY`) VALUES ('500', 'O987', 'ankur', 'singh', 'asdf@gmail.com', '987654321', 'qwerty', 'asdfg', '201002', 'gr.noida', 'UP', 'IN', 'ankur', 'singh', 'asdfg@gmail.com', '987654321', 'qwerty', 'asdfg', '201002', 'gr.noida', 'UP', 'IN', 'HCL', 'en', 'INR', 'ESTORE', '1', 'Y', '1111', '1', 'UNIT', '40',40.8,'2019-02-28 23:54:28.345', '2019-02-28 23:54:28.345','2','MONTH');
INSERT INTO `hclbss`.`tb_temporder`(`UIDPK`, `ORDER_NUMBER`, `BILLTO_FIRSTNAME`, `BILLTO_LASTNAME`, `BILLTO_EMAIL`, `BILLTO_PHONENO`, `BILLTO_ADDRESS_LINE1`, `BILLTO_ADDRESS_LINE2`, `BILLTO_ZIP_CODE`, `BILLTO_CITY`, `BILLTO_STATE`, `BILLTO_COUNTRY`, `SOLDTO_FIRSTNAME`, `SOLDTO_LASTNAME`, `SOLDTO_EMAIL`, `SOLDTO_PHONENO`, `SOLDTO_ADDRESS_LINE1`, `SOLDTO_ADDRESS_LINE2`, `SOLDTO_ZIP_CODE`, `SOLDTO_CITY`, `SOLDTO_STATE`, `SOLDTO_COUNTRY`, `COMPANY_NAME`, `LOCALE`, `CURRENCY`, `ORDER_SOURCE`, `IS_CORPORATE`, `STATUS`, `RATE_PLAN_ID`, `AUTORENEW`, `BILLING_CYCLE`, `BILLING_FREQUENCY`, `PRICING_SCHEME_CODE`, `PRODUCT_ID`, `QUANTITY`,`CRE_DT`, `UPD_DT`) VALUES ('200', 'O232', 'rahul', 'singh', 'r@r.com', '1234567890', 'qazwsx', 'aszxc', '201002', 'ghaziabad', 'UP', 'IN', 'rahul', 'singh', 'r@r.com', '1234567890', 'asdfzx', 'sdfsdfs', '201002', 'ghaziabad', 'UP', 'IN', 'Amazon', 'en', 'INR', 'COMMERCEPORTAL','1', 'Y', '1112', '0', '24', 'WEEK', 'VOLUME', '50', '24','2019-02-28 23:54:28.345', '2019-02-28 23:54:28.345');
INSERT INTO `hclbss`.`tb_temporder` (`UIDPK`, `ORDER_NUMBER`, `BILLTO_FIRSTNAME`, `BILLTO_LASTNAME`, `BILLTO_EMAIL`, `BILLTO_PHONENO`, `BILLTO_ADDRESS_LINE1`, `BILLTO_ADDRESS_LINE2`, `BILLTO_ZIP_CODE`, `BILLTO_CITY`, `BILLTO_STATE`, `BILLTO_COUNTRY`, `SOLDTO_FIRSTNAME`, `SOLDTO_LASTNAME`, `SOLDTO_EMAIL`, `SOLDTO_PHONENO`, `SOLDTO_ADDRESS_LINE1`, `SOLDTO_ADDRESS_LINE2`, `SOLDTO_ZIP_CODE`, `SOLDTO_CITY`, `SOLDTO_STATE`, `SOLDTO_COUNTRY`, `COMPANY_NAME`, `LOCALE`, `CURRENCY`, `ORDER_SOURCE`, `IS_CORPORATE`, `RATE_PLAN_ID`, `AUTORENEW`, `BILLING_CYCLE`, `BILLING_FREQUENCY`, `PRICING_SCHEME_CODE`, `PRODUCT_ID`, `QUANTITY`,`CRE_DT`, `UPD_DT`) VALUES ('300', 'O324', 'sachin', 'joshi', 's@s.com', '1231231234', 'santa cruz', 'juhu', '432124', 'mumbai', 'MH', 'IN', 'sachin', 'joshi', 's@s.com', '1231231234', 'santa cruz', 'juhu', '432124', 'mumbai', 'MH', 'IN', 'TCS', 'en', 'INR', 'WRONG', '0', '54321', '0', '10', 'MONTH', 'ABC_Pricing', '40', '70','2019-02-28 23:54:28.345', '2019-02-28 23:54:28.345');
INSERT INTO `hclbss`.`tb_temporder` (`UIDPK`, `ORDER_NUMBER`, `BILLTO_FIRSTNAME`, `BILLTO_LASTNAME`, `BILLTO_EMAIL`, `BILLTO_PHONENO`, `BILLTO_ADDRESS_LINE1`, `BILLTO_ADDRESS_LINE2`, `BILLTO_ZIP_CODE`, `BILLTO_CITY`, `BILLTO_STATE`, `BILLTO_COUNTRY`, `SOLDTO_FIRSTNAME`, `SOLDTO_LASTNAME`, `SOLDTO_EMAIL`, `SOLDTO_PHONENO`, `SOLDTO_ADDRESS_LINE1`, `SOLDTO_ADDRESS_LINE2`, `SOLDTO_ZIP_CODE`, `SOLDTO_CITY`, `SOLDTO_STATE`, `SOLDTO_COUNTRY`, `COMPANY_NAME`, `LOCALE`, `CURRENCY`, `ORDER_SOURCE`, `IS_CORPORATE`, `RATE_PLAN_ID`, `AUTORENEW`, `BILLING_CYCLE`, `BILLING_FREQUENCY`, `PRICING_SCHEME_CODE`, `PRODUCT_ID`, `QUANTITY`, `CRE_BY`, `CRE_DT`, `UPD_DT`, `UPD_BY`) VALUES ('400', 'O325', 'deepak', 'sharma', 'd@d.com', '1224234', 'qwe', 'asd', '123123', 'pune', 'MH', 'US', 'deepak', 'sharma', 'd@d.com', '123123', 'qwe', 'asd', '123323', 'pune', 'MH', 'US', 'Hexaware', 'fr', 'USD', 'WEB', '0', '1112', '0', '6', 'MONTH', 'UNIT', '40', '24', 'System', '2019-02-28 23:54:28.345', '2019-02-28 23:54:28.345', 'System');

# for bundle product
#INSERT INTO `hclbss`.`tb_temporder` (`UIDPK`, `ORDER_NUMBER`, `BILLTO_FIRSTNAME`, `BILLTO_LASTNAME`, `BILLTO_EMAIL`, `BILLTO_PHONENO`, `BILLTO_ADDRESS_LINE1`, `BILLTO_ADDRESS_LINE2`, `BILLTO_ZIP_CODE`, `BILLTO_CITY`, `BILLTO_STATE`, `BILLTO_COUNTRY`, `SOLDTO_FIRSTNAME`, `SOLDTO_LASTNAME`, `SOLDTO_EMAIL`, `SOLDTO_PHONENO`, `SOLDTO_ADDRESS_LINE1`, `SOLDTO_ADDRESS_LINE2`, `SOLDTO_ZIP_CODE`, `SOLDTO_CITY`, `SOLDTO_STATE`, `SOLDTO_COUNTRY`, `COMPANY_NAME`, `LOCALE`, `CURRENCY`, `ORDER_SOURCE`, `IS_CORPORATE`, `RATE_PLAN_ID`, `AUTORENEW`, `BILLING_CYCLE`, `BILLING_FREQUENCY`, `PRICING_SCHEME_CODE`, `PRODUCT_ID`, `QUANTITY`) VALUES ('700', 'O111', 'nitin', 'kumar', 'n@n.com', '1234567890', 'qwerty', 'asdfg', '201001', 'noida', 'UP', 'IN', 'nitin', 'kumar', 'n@n.com', '1234567890', 'qwerty', 'asdfg', '201001', 'noida', 'UP', 'IN', 'Google', 'en', 'INR', 'ESTORE', '1', '1111', '0', '24', 'MONTH', 'UNIT', '100', '10');
#INSERT INTO `hclbss`.`tb_temporder` (`UIDPK`, `ORDER_NUMBER`, `BILLTO_FIRSTNAME`, `BILLTO_LASTNAME`, `BILLTO_EMAIL`, `BILLTO_PHONENO`,`BILLTO_ADDRESS_LINE1`, `BILLTO_ADDRESS_LINE2`, `BILLTO_ZIP_CODE`, `BILLTO_CITY`, `BILLTO_STATE`, `BILLTO_COUNTRY`, `SOLDTO_FIRSTNAME`, `SOLDTO_LASTNAME`, `SOLDTO_EMAIL`, `SOLDTO_PHONENO`, `SOLDTO_ADDRESS_LINE1`, `SOLDTO_ADDRESS_LINE2`, `SOLDTO_ZIP_CODE`, `SOLDTO_CITY`,`SOLDTO_STATE`, `SOLDTO_COUNTRY`, `COMPANY_NAME`, `LOCALE`, `CURRENCY`, `ORDER_SOURCE`, `IS_CORPORATE`, `RATE_PLAN_ID`, `AUTORENEW`, `BILLING_CYCLE`, `BILLING_FREQUENCY`, `PRICING_SCHEME_CODE`, `PRODUCT_ID`,`PARENT_ID`,`QUANTITY`) VALUES ('800', 'O111', 'nitin', 'kumar', 'n@n.com', '1234567890', 'qwerty', 'asdfg', '201001', 'noida', 'UP', 'IN', 'nitin', 'kumar', 'n@n.com', '1234567890', 'qwerty', 'asdfg', '201001', 'noida', 'UP', 'IN', 'Google', 'en', 'INR', 'ESTORE', '1', '1111', '0', '12', 'MONTH', 'UNIT', '101', '100','10');

# for addon product
INSERT INTO `hclbss`.`tb_temporder` (`UIDPK`, `ORDER_NUMBER`, `BILLTO_FIRSTNAME`, `BILLTO_LASTNAME`, `BILLTO_EMAIL`, `BILLTO_PHONENO`, `BILLTO_ADDRESS_LINE1`, `BILLTO_ADDRESS_LINE2`, `BILLTO_ZIP_CODE`, `BILLTO_CITY`, `BILLTO_STATE`, `BILLTO_COUNTRY`, `SOLDTO_FIRSTNAME`, `SOLDTO_LASTNAME`, `SOLDTO_EMAIL`, `SOLDTO_PHONENO`, `SOLDTO_ADDRESS_LINE1`, `SOLDTO_ADDRESS_LINE2`, `SOLDTO_ZIP_CODE`, `SOLDTO_CITY`, `SOLDTO_STATE`, `SOLDTO_COUNTRY`, `COMPANY_NAME`, `LOCALE`, `CURRENCY`, `ORDER_SOURCE`, `IS_CORPORATE`, `RATE_PLAN_ID`, `AUTORENEW`, `BILLING_CYCLE`, `BILLING_FREQUENCY`, `PRICING_SCHEME_CODE`, `PRODUCT_ID`, `QUANTITY`) VALUES ('700', 'O300', 'narendra', 'modi', 'nm@nm.com', '9876431110', 'lok kalyan marg', 'new delhi', '110011', 'new delhi', 'Delhi', 'IN', 'narendra', 'modi', 'nm@nm.com', '9876431110', 'lok kalyan marg', 'new delhi', '110011', 'new delhi', 'Delhi', 'IN', 'GOI', 'en', 'INR', 'COMMERCEPORTAL', '1', '1111', '1', '36', 'MONTH', 'UNIT', '100', '25');
INSERT INTO `hclbss`.`tb_temporder` (`UIDPK`, `ORDER_NUMBER`, `BILLTO_FIRSTNAME`, `BILLTO_LASTNAME`, `BILLTO_EMAIL`, `BILLTO_PHONENO`, `BILLTO_ADDRESS_LINE1`, `BILLTO_ADDRESS_LINE2`, `BILLTO_ZIP_CODE`, `BILLTO_CITY`, `BILLTO_STATE`, `BILLTO_COUNTRY`, `SOLDTO_FIRSTNAME`, `SOLDTO_LASTNAME`, `SOLDTO_EMAIL`, `SOLDTO_PHONENO`, `SOLDTO_ADDRESS_LINE1`, `SOLDTO_ADDRESS_LINE2`, `SOLDTO_ZIP_CODE`, `SOLDTO_CITY`, `SOLDTO_STATE`, `SOLDTO_COUNTRY`, `COMPANY_NAME`, `LOCALE`, `CURRENCY`, `ORDER_SOURCE`, `IS_CORPORATE`, `RATE_PLAN_ID`, `AUTORENEW`, `BILLING_CYCLE`, `BILLING_FREQUENCY`, `PRICING_SCHEME_CODE`, `PRODUCT_ID`, `QUANTITY`) VALUES ('800', 'O300', 'narendra', 'modi', 'nm@nm.com', '9876431110', 'lok kalyan marg', 'new delhi', '110011', 'new delhi', 'Delhi', 'IN', 'narendra', 'modi', 'nm@nm.com', '9876431110', 'lok kalyan marg', 'new delhi', '110011', 'new delhi', 'Delhi', 'IN', 'GOI', 'en', 'INR', 'COMMERCEPORTAL', '1', '1111', '1', '36', 'MONTH', 'UNIT', '101', '20');


INSERT INTO `hclbss`.`tb_country` (`UIDPK`, `ISO_CODE`, `NAME`) VALUES ('10', 'IN', 'India');
INSERT INTO `hclbss`.`tb_country` (`UIDPK`, `ISO_CODE`, `NAME`) VALUES ('11', 'CA', 'Canada');

INSERT INTO `hclbss`.`tb_product_type_master` (`PRODUCT_TYPE_CODE`, `PRODUCT_TYPE`, `DESC`) VALUES ('11', 'software', 'software type');
INSERT INTO `hclbss`.`tb_product_type_master` (`PRODUCT_TYPE_CODE`, `PRODUCT_TYPE`, `DESC`) VALUES ('12', 'infra', 'infrastructure');

INSERT INTO `hclbss`.`tb_product` (`UIDPK`, `PRODUCT_DISP_NAME`, `SKU`, `PRODUCT_EXP_DT`, `PRODUCT_START_DT`, `PRODUCT_TYPE_CODE`, `IS_ACTIVE`,`IS_BUNDLE_PRODUCT`) VALUES ('40', 'SEP cloud', 'SEPC1', '2022-02-21 ', '2019-02-21', '11', '1','0');
INSERT INTO `hclbss`.`tb_product` (`UIDPK`, `PRODUCT_DISP_NAME`, `SKU`, `PRODUCT_EXP_DT`, `PRODUCT_START_DT`, `PRODUCT_TYPE_CODE`, `IS_ACTIVE`,`IS_BUNDLE_PRODUCT`) VALUES ('50', 'SMB', 'SMB02', '2025-07-25', '2019-02-25', '11', '1','0');
#Base and Addon product
INSERT INTO `hclbss`.`tb_product` (`UIDPK`, `PRODUCT_DISP_NAME`, `SKU`, `PRODUCT_EXP_DT`, `PRODUCT_START_DT`, `PRODUCT_TYPE_CODE`, `IS_ACTIVE`,`IS_BUNDLE_PRODUCT`) VALUES ('100', 'Parent100', 'PT100', '2029-02-25', '2019-02-25', '11', '1','0');
UPDATE `hclbss`.`tb_product` SET `PRODUCT_EXP_DT`='2019-02-25' WHERE `UIDPK`='50';
INSERT INTO `hclbss`.`tb_product` (`UIDPK`, `PRODUCT_DISP_NAME`, `SKU`, `PRODUCT_DESCRIPTION`, `PRODUCT_EXP_DT`, `PRODUCT_START_DT`, `PRODUCT_TYPE_CODE`, `PARENT_ID`, `IS_ACTIVE`,`IS_BUNDLE_PRODUCT`) VALUES ('101', 'Child100', 'CH100', 'child of parent100', '2029-02-25', '2019-02-25', '11', '100', '1','0');
#Bundle product
INSERT INTO `hclbss`.`tb_product` (`UIDPK`, `PRODUCT_DISP_NAME`, `SKU`, `PRODUCT_DESCRIPTION`, `PRODUCT_EXP_DT`, `PRODUCT_START_DT`, `PRODUCT_TYPE_CODE`, `IS_ACTIVE`,`IS_BUNDLE_PRODUCT`) VALUES ('200', 'Bundle Product', 'BP200', 'Bundle product', '2029-02-25', '2019-02-25', '11', '1','1');
INSERT INTO `hclbss`.`tb_product` (`UIDPK`, `PRODUCT_DISP_NAME`, `SKU`, `PRODUCT_DESCRIPTION`, `PRODUCT_EXP_DT`,`PRODUCT_START_DT`, `PRODUCT_TYPE_CODE`, `IS_ACTIVE`,`IS_BUNDLE_PRODUCT`) VALUES ('201', 'BPChild201', 'BPCH201', 'bundle child product200', '2029-02-25', '2019-02-25', '11', '1','0');
INSERT INTO `hclbss`.`tb_product` (`UIDPK`, `PRODUCT_DISP_NAME`, `SKU`, `PRODUCT_DESCRIPTION`, `PRODUCT_EXP_DT`,`PRODUCT_START_DT`, `PRODUCT_TYPE_CODE`, `IS_ACTIVE`,`IS_BUNDLE_PRODUCT`) VALUES ('202', 'BPChild202', 'BPCH202', 'bundle child product200', '2029-02-25', '2019-02-25', '11', '1','0');
INSERT INTO `hclbss`.`tb_product` (`UIDPK`, `PRODUCT_DISP_NAME`, `SKU`, `PRODUCT_DESCRIPTION`, `PRODUCT_EXP_DT`,`PRODUCT_START_DT`, `PRODUCT_TYPE_CODE`, `IS_ACTIVE`,`IS_BUNDLE_PRODUCT`) VALUES ('203', 'BPChild203', 'BPCH203', 'bundle child product200', '2029-02-25', '2019-02-25', '11', '1','0');


INSERT INTO `hclbss`.`tb_uom_master` (`UIDPK`, `UNIT_OF_MEASURE`, `DESC`) VALUES ('90', 'USER', 'per user price');
INSERT INTO `hclbss`.`tb_uom_master` (`UIDPK`, `UNIT_OF_MEASURE`, `DESC`) VALUES ('91', 'DEVICE', 'per device price');

INSERT INTO `hclbss`.`tb_bill_frequency_master` (`UIDPK`, `FREQUENCY_CODE`, `DESCRIPTION`) VALUES ('30', 'MONTHLY', 'monthly billing');
INSERT INTO `hclbss`.`tb_bill_frequency_master` (`UIDPK`, `FREQUENCY_CODE`, `DESCRIPTION`) VALUES ('40', 'WEEKLY', 'weekly billing');
INSERT INTO `hclbss`.`tb_bill_frequency_master` (`UIDPK`, `FREQUENCY_CODE`, `DESCRIPTION`) VALUES ('50', 'ANNUAL', 'yearly billing');


INSERT INTO `hclbss`.`tb_rateplan_master` (`UIDPK`, `RATEPLAN_ID`, `RATEPLAN_DESC`, `PRICE`, `UNIT_OF_MEASUREID`, `IS_ACTIVE`, `FREQUENCY_CODE`, `BILLING_CYCLE_TERM`, `FREE_TRIAL`, `SETUP_FEE`, `EXPIRE_AFTER`,`PRICING_SCHEME`) VALUES ('1111', 'R001', 'rate plan 001', '4.08', 'USER', '1', 'MONTHLY', '1', '0', '0', '12','VOLUME');
INSERT INTO `hclbss`.`tb_rateplan_master` (`UIDPK`, `RATEPLAN_ID`, `RATEPLAN_DESC`, `PRICE`, `UNIT_OF_MEASUREID`, `IS_ACTIVE`, `FREQUENCY_CODE`, `BILLING_CYCLE_TERM`, `FREE_TRIAL`, `SETUP_FEE`, `EXPIRE_AFTER`,`PRICING_SCHEME`) VALUES ('1112', 'R002', 'rate plan 002', '30', 'DEVICE', '1', 'MONTHLY', '3', '0', '0', '24','VOLUME');
INSERT INTO `hclbss`.`tb_rateplan_master` (`UIDPK`, `RATEPLAN_ID`, `RATEPLAN_DESC`, `PRICE`, `UNIT_OF_MEASUREID`, `IS_ACTIVE`, `FREQUENCY_CODE`, `BILLING_CYCLE_TERM`, `FREE_TRIAL`, `SETUP_FEE`, `EXPIRE_AFTER`,`PRICING_SCHEME`) VALUES ('1113', 'R003', 'rate plan 003', '48.96', 'USER', '1', 'ANNUAL', '1', '0', '0', '3','UNIT');
INSERT INTO `hclbss`.`tb_rateplan_master` (`UIDPK`, `RATEPLAN_ID`, `RATEPLAN_DESC`, `PRICE`, `UNIT_OF_MEASUREID`, `IS_ACTIVE`, `FREQUENCY_CODE`, `BILLING_CYCLE_TERM`, `FREE_TRIAL`, `SETUP_FEE`, `EXPIRE_AFTER`,`PRICING_SCHEME`) VALUES ('1114', 'R004', 'rate plan 004', '10', 'DEVICE', '1', 'MONTHLY', '1', '0', '0', '9999','UNIT');


INSERT INTO `hclbss`.`tb_order_source_master` (`UIDPK`, `ORDER_SOURCE_CODE`, `DESCRIPTION`) VALUES ('101', 'ESTORE', 'estore order source');
INSERT INTO `hclbss`.`tb_order_source_master` (`UIDPK`, `ORDER_SOURCE_CODE`, `DESCRIPTION`) VALUES ('102', 'COMMERCEPORTAL', 'commerce portal ');

INSERT INTO `hclbss`.`tb_transaction_reason_code_master` (`UIDPK`, `TRANSACTION_CODE`, `DESCRIPTION`) VALUES ('21', 'NEW', 'new service');
INSERT INTO `hclbss`.`tb_transaction_reason_code_master` (`UIDPK`, `TRANSACTION_CODE`, `DESCRIPTION`) VALUES ('22', 'CHANGE IN QUANTITY', 'change in quantity');
INSERT INTO `hclbss`.`tb_transaction_reason_code_master` (`UIDPK`, `TRANSACTION_CODE`, `DESCRIPTION`) VALUES ('22', 'EXPIRED_WITH_RENEWAL', 'subscription renewed');
INSERT INTO `hclbss`.`tb_transaction_reason_code_master` (`UIDPK`, `TRANSACTION_CODE`, `DESCRIPTION`) VALUES ('24', 'RENEWAL', 'renew sub');
INSERT INTO `hclbss`.`tb_transaction_reason_code_master` (`UIDPK`, `TRANSACTION_CODE`, `DESCRIPTION`) VALUES ('25', 'EXPIRED', 'sub expired');

INSERT INTO `hclbss`.`tb_pricing_scheme_master` (`UIDPK`, `PRICING_SCHEME_CODE`, `DESCRIPTION`) VALUES ('301', 'UNIT', 'unit based pricing');
INSERT INTO `hclbss`.`tb_pricing_scheme_master` (`UIDPK`, `PRICING_SCHEME_CODE`, `DESCRIPTION`) VALUES ('302', 'VOLUME', 'volume based pricing');
INSERT INTO `hclbss`.`tb_pricing_scheme_master` (`UIDPK`, `PRICING_SCHEME_CODE`, `DESCRIPTION`) VALUES ('303', 'TIER', 'tier based pricing');
INSERT INTO `hclbss`.`tb_pricing_scheme_master` (`UIDPK`, `PRICING_SCHEME_CODE`, `DESCRIPTION`) VALUES ('304', 'PACKAGE', 'package based pricing');


INSERT INTO `hclbss`.`tb_rateplan_volume_master` (`UIDPK`, `START_QTY`, `END_QTY`, `PRICE`, `RATE_PLAN_UID`) VALUES ('302', '1', '25', '20', '1111');
INSERT INTO `hclbss`.`tb_rateplan_volume_master` (`UIDPK`, `START_QTY`, `END_QTY`, `PRICE`, `RATE_PLAN_UID`) VALUES ('303', '26', '50', '18', '1111');
INSERT INTO `hclbss`.`tb_rateplan_volume_master` (`UIDPK`, `START_QTY`, `END_QTY`, `PRICE`, `RATE_PLAN_UID`) VALUES ('304', '51', '1000', '15', '1111');
INSERT INTO `hclbss`.`tb_rateplan_volume_master` (`UIDPK`, `START_QTY`, `END_QTY`, `PRICE`, `RATE_PLAN_UID`) VALUES ('305', '1', '100', '50', '1112');
INSERT INTO `hclbss`.`tb_rateplan_volume_master` (`UIDPK`, `START_QTY`, `END_QTY`, `PRICE`, `RATE_PLAN_UID`) VALUES ('306', '101', '200', '45', '1112');

INSERT INTO `hclbss`.`TB_ROLE_MASTER` (`UIDPK`, `ROLE_NAME`, `DESCRIPTION`) VALUES ('701', 'admin', 'admin role');
INSERT INTO `hclbss`.`TB_ROLE_MASTER` (`UIDPK`, `ROLE_NAME`, `DESCRIPTION`) VALUES ('702', 'view', 'read only');

INSERT INTO `hclbss`.`TB_USER_ROLE_MAPPING` (`UIDPK`, `USER_ID`, `ROLE_UID`) VALUES ('201', '101', '1');
INSERT INTO `hclbss`.`TB_USER_ROLE_MAPPING` (`UIDPK`, `USER_ID`, `ROLE_UID`) VALUES ('202', '101', '2');

INSERT INTO `hclbss`.`tb_user_details` (`UIDPK`, `USER_ID`, `PASSWORD`, `ROLE_ID`, `USER_FIRST_NAME`, `USER_LAST_NAME`, `IS_LOCKED`, `LAST_LOGIN`) VALUES ('101', 'vinay.panwar@hcl.com', '$2a$10$7okMeHWi3tBGsZDgevhbyuVVbHaXM5bYFXZe7.cF64uo3xl5WETd2', '1', 'vinay', 'panwar', '1', CURRENT_TIMESTAMP(3));

INSERT INTO `hclbss`.`tb_bundle_product_mapping` (`UIDPK`, `BUNDLE_PRODUCT_UID`, `PRODUCT_UID`, `DESCRIPTION`) VALUES ('100', '200', '201', 'bundle product mapping 1');
INSERT INTO `hclbss`.`tb_bundle_product_mapping` (`UIDPK`, `BUNDLE_PRODUCT_UID`, `PRODUCT_UID`, `DESCRIPTION`) VALUES ('101', '200', '202', 'bundle product mapping 2');
INSERT INTO `hclbss`.`tb_bundle_product_mapping` (`UIDPK`, `BUNDLE_PRODUCT_UID`, `PRODUCT_UID`, `DESCRIPTION`) VALUES ('102', '200', '203', 'bundle product mapping 3');

INSERT INTO `hclbss`.`tb_rateplan_product_mapping` (`PRODUCT_UID`, `RATEPLAN_UID`) VALUES ('40', '1111');
INSERT INTO `hclbss`.`tb_rateplan_product_mapping` (`PRODUCT_UID`, `RATEPLAN_UID`) VALUES ('50', '1112');
INSERT INTO `hclbss`.`tb_rateplan_product_mapping` (`PRODUCT_UID`, `RATEPLAN_UID`) VALUES ('40', '1112');
INSERT INTO `hclbss`.`tb_rateplan_product_mapping` (`PRODUCT_UID`, `RATEPLAN_UID`) VALUES ('50', '1111');
INSERT INTO `hclbss`.`tb_rateplan_product_mapping` (`PRODUCT_UID`, `RATEPLAN_UID`) VALUES ('100', '1111');

INSERT INTO `hclbss`.`TB_APP_CONSTANTS_MASTER` (`UIDPK`, `APPCONSTANT_CODE`, `SUB_APPCONSTANT_CODE`, `SUB_APPCONSTANT_DESC`) VALUES ('1000000000', 'prdctstatus', 'ACTIVE', 'active status for product');
INSERT INTO `hclbss`.`TB_APP_CONSTANTS_MASTER` (`UIDPK`, `APPCONSTANT_CODE`, `SUB_APPCONSTANT_CODE`, `SUB_APPCONSTANT_DESC`) VALUES ('1000000001', 'prdctstatus', 'INACTIVE', 'inactive status for product');
INSERT INTO `hclbss`.`TB_APP_CONSTANTS_MASTER` (`UIDPK`, `APPCONSTANT_CODE`, `SUB_APPCONSTANT_CODE`, `SUB_APPCONSTANT_DESC`) VALUES ('1000000002', 'batchstatus', 'SUCCESS', 'success status of sunbscription in batch');
INSERT INTO `hclbss`.`TB_APP_CONSTANTS_MASTER` (`UIDPK`, `APPCONSTANT_CODE`, `SUB_APPCONSTANT_CODE`, `SUB_APPCONSTANT_DESC`) VALUES ('1000000003', 'batchstatus', 'FAIL', 'fail status of sunbscription in batch');
INSERT INTO `hclbss`.`TB_APP_CONSTANTS_MASTER` (`UIDPK`, `APPCONSTANT_CODE`, `SUB_APPCONSTANT_CODE`, `SUB_APPCONSTANT_DESC`) VALUES ('1000000004', 'pricscheme', 'UNIT', 'unit pricing scheme for rateplan');
INSERT INTO `hclbss`.`TB_APP_CONSTANTS_MASTER` (`UIDPK`, `APPCONSTANT_CODE`, `SUB_APPCONSTANT_CODE`, `SUB_APPCONSTANT_DESC`) VALUES ('1000000005', 'pricscheme', 'VOLUME', 'volume pricing scheme for rateplan');
INSERT INTO `hclbss`.`TB_APP_CONSTANTS_MASTER` (`UIDPK`, `APPCONSTANT_CODE`, `SUB_APPCONSTANT_CODE`, `SUB_APPCONSTANT_DESC`) VALUES ('1000000006', 'billfreq', 'WEEK', 'weekly billing frequency for rateplan');
INSERT INTO `hclbss`.`TB_APP_CONSTANTS_MASTER` (`UIDPK`, `APPCONSTANT_CODE`, `SUB_APPCONSTANT_CODE`, `SUB_APPCONSTANT_DESC`) VALUES ('1000000007', 'billfreq', 'MONTH', 'monthly billing frequency for rateplan');
INSERT INTO `hclbss`.`TB_APP_CONSTANTS_MASTER` (`UIDPK`, `APPCONSTANT_CODE`, `SUB_APPCONSTANT_CODE`, `SUB_APPCONSTANT_DESC`) VALUES ('1000000008', 'billfreq', 'YEAR', 'yearly billing frequency for rateplan');
INSERT INTO `hclbss`.`TB_APP_CONSTANTS_MASTER` (`UIDPK`, `APPCONSTANT_CODE`, `SUB_APPCONSTANT_CODE`, `SUB_APPCONSTANT_DESC`) VALUES ('1000000009', 'NUMBER_OF_NOTIFICATION', '2', 'number of notifications to sent');
INSERT INTO `hclbss`.`TB_APP_CONSTANTS_MASTER` (`UIDPK`, `APPCONSTANT_CODE`, `SUB_APPCONSTANT_CODE`, `SUB_APPCONSTANT_DESC`) VALUES ('1000000010', 'NOTIFICATION_TRIGGER_DAYS', '30', 'when to send first auto renewal notification');

commit;